

<feed xmlns="http://www.w3.org/2005/Atom">
  <id>http://localhost:4000/</id>
  <title>فعالان آموزش زبان فارسی به غیرفارسی‌زبانان</title>
  <subtitle>فهرست مراکز آموزش زبان فارسی به غیرفارسی‌زبانان در جهان</subtitle>
  <updated>2023-05-13T19:03:12+03:30</updated>
  <author>
    <name>بنیاد سعدی</name>
    <uri>http://localhost:4000/</uri>
  </author>
  <link rel="self" type="application/atom+xml" href="http://localhost:4000/feed.xml"/>
  <link rel="alternate" type="text/html" hreflang="fa"
    href="http://localhost:4000/"/>
  <generator uri="https://jekyllrb.com/" version="4.3.2">Jekyll</generator>
  <rights> © 2023 بنیاد سعدی </rights>
  <icon>/assets/img/favicons/favicon.ico</icon>
  <logo>/assets/img/favicons/favicon-96x96.png</logo>


  
  <entry>
    <title>کالج بین الملل دانشگاه علوم پزشکی تهران</title>
    <link href="http://localhost:4000/posts/tums/" rel="alternate" type="text/html" title="کالج بین الملل دانشگاه علوم پزشکی تهران" />
    <published>2023-02-26T19:00:00+03:30</published>
  
    <updated>2023-02-26T22:21:44+03:30</updated>
  
    <id>http://localhost:4000/posts/tums/</id>
    <content src="http://localhost:4000/posts/tums/" />
    <author>
      <name>بنیاد سعدی</name>
    </author>

  
    
  

  
    <summary>
      





      درباره موسسه
کالج به عنوان عضو کوچکی از دانشگاه علوم پزشکی تهران و با استفاده از توان علمی و عملی خود و هم افزایی ظرفیت های ویژۀ دانشگاه مادر، به عنوان حلقه اتصال جامعه در سطوح ملی و بین المللی با دانشگاه ها و موسسات آموزش عالی و سازمان های داخلی و خارجی با اهداف زیر تاسیس می گردد:

  تلاش در جهت تحقق اهداف تعریف شده در سند چشم انداز بیست ساله و برنامه های توسعه اقتصادی ،اجتماعی و فرهنگی کشور د...
    </summary>
  

  </entry>

  
  <entry>
    <title>مرکز آموزش زبان و معارف اسلامی جامعه المصطفی (ص) العالمیه</title>
    <link href="http://localhost:4000/posts/almustafa/" rel="alternate" type="text/html" title="مرکز آموزش زبان و معارف اسلامی جامعه المصطفی (ص) العالمیه" />
    <published>2023-02-24T22:30:00+03:30</published>
  
    <updated>2023-02-26T22:21:44+03:30</updated>
  
    <id>http://localhost:4000/posts/almustafa/</id>
    <content src="http://localhost:4000/posts/almustafa/" />
    <author>
      <name>بنیاد سعدی</name>
    </author>

  
    
  

  
    <summary>
      





      درباره موسسه
مرکز آموزش زبان و معارف اسلامی وابسته به جامعه المصطفی (ص) العالمیه ، یکی از مهم‌ترین ورودی‌های جامعه المصطفی العالمیه با قدمتی قریب به ۳۰ سال می باشد. این مجموعه پس از پیروزی انقلاب اسلامی آغاز به کار کرده است. آوازه جمهوری اسلامی ایران آزاد مردان و مسلمانان آزاده دنیا را به سوی این مرز و بوم گسیل داده و بالتبع برای پاسخگویی به این تقاضا، مرکزی جهت آموزش زبان فارسی بوجود آمده  است...
    </summary>
  

  </entry>

  
  <entry>
    <title>مرکز آموزش زبان فارسی دانشگاه بین المللی امام خمینی (ره)</title>
    <link href="http://localhost:4000/posts/imam-khomeini/" rel="alternate" type="text/html" title="مرکز آموزش زبان فارسی دانشگاه بین المللی امام خمینی (ره)" />
    <published>2023-02-24T22:20:00+03:30</published>
  
    <updated>2023-02-27T23:59:59+03:30</updated>
  
    <id>http://localhost:4000/posts/imam-khomeini/</id>
    <content src="http://localhost:4000/posts/imam-khomeini/" />
    <author>
      <name>بنیاد سعدی</name>
    </author>

  
    
  

  
    <summary>
      





      درباره موسسه
مرکز آموزش زبان فارسی دوره های متعدد فارسی را که متناسب با نیاز افراد مختلف است برگزار می کند.در دوره های فارسی پایه و فارسی پیشرفته زبان آموزان هفته ای ٢٠ ساعت آموزش می بینند. کلاس ها بر اساس چهار مهارت اصلی درک شنیدن، مکالمه، درک خواندن و نگارش و درس دستور برنامه ریزی می شود.میزان تاکید بر مهارت ها در حالت عمومی یکسان است ولی چنان چه زبان آموزان نیاز به تقویت بیشتر مهارت های خاص ...
    </summary>
  

  </entry>

  
  <entry>
    <title>مرکز آموزش زبان فارسی به غیرفارسی‌زبانان دانشگاه علامه طباطبایی</title>
    <link href="http://localhost:4000/posts/atu/" rel="alternate" type="text/html" title="مرکز آموزش زبان فارسی به غیرفارسی‌زبانان دانشگاه علامه طباطبایی" />
    <published>2023-02-24T22:00:00+03:30</published>
  
    <updated>2023-02-26T22:21:44+03:30</updated>
  
    <id>http://localhost:4000/posts/atu/</id>
    <content src="http://localhost:4000/posts/atu/" />
    <author>
      <name>بنیاد سعدی</name>
    </author>

  
    
  

  
    <summary>
      





      درباره موسسه
مرکز آموزش زبان فارسی به غیرفارسی‌زبانان دانشگاه علامه طباطبائی در قلب تهران واقع شده‌است. معماری سنتی این مرکز یادآور اصالت و فرهنگ ایرانی است. در این مرکز، با استفاده از یافته‌های نوین علمی دوره‌های کوتاه مدت و بلندمدت آموزش زبان فارسی، به دو صورت مجازی (آموزش از راه دور) و حضوری برگزار می‌شود. فارسی‌­آموزان این مرکز می­‌توانند بخشی از آموزش خود را در ایران و بخشی دیگر را در کشور...
    </summary>
  

  </entry>

  
  <entry>
    <title>مرکز آموزشی و مترجمی قلم</title>
    <link href="http://localhost:4000/posts/qalam-center/" rel="alternate" type="text/html" title="مرکز آموزشی و مترجمی قلم" />
    <published>2023-02-24T21:00:00+03:30</published>
  
    <updated>2023-02-27T23:59:59+03:30</updated>
  
    <id>http://localhost:4000/posts/qalam-center/</id>
    <content src="http://localhost:4000/posts/qalam-center/" />
    <author>
      <name>بنیاد سعدی</name>
    </author>

  
    
  

  
    <summary>
      





      درباره موسسه
ایده تاسیس کانون آموزش و ترجمه قلم، با اعتماد بر توانایی‌های فردی و سعی و تلاش و کار طاقت فرسا، و تصمیم‌گیری‌هایی با استقلالیت کامل به هدف رسیدن به بهترین نتایج جهت ایجاد پیشرفت‌های علمی و عملی زبان آموز در تمامی زبان‌ها و با کمک روش‌های مدرن در این زمینه جهت ارائه خدمات به جامعه عراقی سرچشمه گرفت. و تمامى موفقیت‌هاى به انجام رسیده با کمک و یاری پرسنلی کاردیده و کارآزموده در زمینه ...
    </summary>
  

  </entry>

</feed>


